new_id,hotel_name,overall_rating,total_n_reviews,hotel_class,rooms,location,service,5star,4star,3star,2star,1star
*001,The Publishing House Bed and Breakfast,5,222,x,x,x,x,100%,0%,0%,0%,0%
*002,The Peninsula Chicago,4.7,2140,5-star hotel,4.6,4.6,4.2,82%,14%,3%,0%,1%
*003,"The Langham, Chicago",4.7,1741,5-star hotel,4.4,5%,4.6,85%,11%,3%,0%,1%
*004,Waldorf Astoria Chicago,4.7,1325,5-star hotel,3.8,4.8,4,85%,9%,3%,1%,2%
*005,Four Seasons Hotel Chicago,4.7,1037,5-star hotel,3.7,4.8,3,82%,14%,2%,0%,2%
*006,"Hotel EMC2, Autograph Collection",4.7,962,4-star hotel,3.9,4.8,4.3,82%,13%,3%,1%,1%
*007,Ray's Bucktown Bed and Breakfast,4.9,173,3-star hotel,5%,4.6,5%,92%,7%,0%,1%,0%
*008,Union League Club,4.7,922,x,4.3,4.5,5%,80%,16%,3%,0%,1%
*009,The Guesthouse Hotel,4.8,289,4-star hotel,4.2,3.7,5%,86%,11%,2%,1%,0%
*010,Viceroy Chicago,4.7,754,5-star hotel,4.1,4.6,4.3,83%,12%,3%,0%,2%
*011,Park Hyatt Chicago,4.7,711,5-star hotel,3.8,5%,3.4,78%,17%,3%,1%,1%
*012,Villa D' Citta Bed & Breakfast,4.8,249,4-star hotel,4.8,5%,4.5,93%,3%,1%,2%,1%
*013,Chicago Athletic Association - In the Unbound Collection by Hyatt,4.6,2983,4-star hotel,3.5,4.6,4.5,76%,19%,3%,1%,1%
*014,Sofitel Chicago Magnificent Mile,4.6,2680,5-star hotel,4,5%,4.1,71%,22%,4%,1%,2%
*015,Loews Chicago Hotel,4.6,2537,4-star hotel,4.1,4.4,4.2,77%,17%,3%,1%,2%
*016,Marriott Marquis Chicago,4.6,2413,4-star hotel,4.3,4.1,4.8,75%,19%,3%,1%,2%
*017,Longman & Eagle,4.6,2284,x,x,x,x,77%,17%,4%,1%,1%
*018,Residence Inn Chicago Downtown/Loop,4.6,1665,3-star hotel,3.6,5%,4.3,69%,24%,4%,1%,2%
*019,Kimpton Gray Hotel,4.6,1471,4-star hotel,3.6,4.6,4,74%,20%,4%,1%,1%
*020,"The Ritz-Carlton, Chicago",4.6,1159,5-star hotel,4.3,5%,3.9,77%,15%,4%,1%,3%
*021,"Staypineapple, An Iconic Hotel, The Loop Chicago",4.6,1140,4-star hotel,3.7,5%,4.3,73%,20%,4%,1%,2%
*022,Kimpton Hotel Monaco Chicago,4.6,1133,4-star hotel,4.5,4.5,4.5,73%,21%,3%,1%,2%
*023,Conrad Chicago,4.6,1013,5-star hotel,5%,5%,5%,78%,15%,3%,1%,3%
*024,Hampton Inn & Suites Rosemont Chicago O'Hare,4.6,982,2-star hotel,4.4,3.9,4.5,71%,23%,3%,1%,2%
*025,The Polo Inn,4.7,264,x,x,x,x,80%,16%,4%,0%,0%
*026,Thompson Chicago,4.6,810,4-star hotel,4,5%,3.2,74%,19%,3%,2%,2%
*027,Moxy Chicago Downtown,4.6,658,3-star hotel,3.2,4.8,5%,73%,19%,4%,1%,3%
*028,Chicago Guest House,5,81,4-star hotel,5%,5%,5%,100%,0%,0%,0%,0%
*029,"Hotel Zachary, Chicago, a Tribute Portfolio Hotel",4.6,542,4-star hotel,3.8,4.1,4,79%,14%,3%,2%,2%
*030,Homewood Suites by Hilton Chicago Downtown West Loop,4.6,491,3-star hotel,3.7,4,3.5,72%,22%,4%,1%,1%
*031,"LondonHouse Chicago, Curio Collection by Hilton",4.5,4195,4-star hotel,4.2,5%,4,71%,20%,5%,1%,3%
*032,Loews Chicago O'Hare Hotel,4.5,3322,4-star hotel,4.2,4.4,4.2,67%,26%,5%,1%,1%
*033,Kasa Chicago River North,4.8,115,x,3.8,5%,4,94%,4%,0%,0%,2%
*034,Renaissance Chicago Downtown Hotel,4.5,2563,4-star hotel,4.2,4.6,4.2,69%,25%,4%,1%,1%
*035,Kasa Chicago South Loop,4.8,114,x,4,4.5,3.8,94%,4%,0%,0%,2%
*036,JW Marriott Chicago,4.5,2283,4-star hotel,4.1,4.3,3.9,70%,23%,4%,1%,2%
*037,Virgin Hotels Chicago,4.5,2232,4-star hotel,4.2,4.4,3.8,69%,23%,5%,1%,2%
*038,Hyatt Centric Chicago Magnificent Mile,4.5,2214,4-star hotel,3.5,5%,4.1,65%,26%,6%,1%,2%
*039,Omni Chicago Hotel,4.5,2045,4-star hotel,3.4,4.8,4.3,66%,24%,6%,2%,2%
*040,HI Chicago Hostel,4.5,1935,2-star hotel,2.8,4.8,3.8,66%,24%,6%,2%,2%
*041,"The Blackstone, Autograph Collection",4.5,1726,4-star hotel,4,4,3.2,69%,23%,5%,2%,1%
*042,Residence Inn by Marriott Chicago Downtown/River North,4.5,1456,3-star hotel,3.5,5%,3.9,67%,25%,6%,1%,1%
*043,"Hotel Blake, an Ascend Hotel Collection Member",4.5,1287,3-star hotel,x,x,x,67%,25%,6%,1%,1%
*044,Royal Sonesta Chicago River North,4.5,1266,4-star hotel,3.3,4.4,4.2,66%,25%,5%,2%,2%
*045,The Sono Chicago,4.8,107,x,4.5,4.3,4.8,96%,2%,0%,0%,2%
*046,Aloft Chicago Downtown River North,4.5,1134,3-star hotel,3.7,4.4,4.5,64%,29%,4%,1%,2%
*047,Silversmith Hotel Chicago Downtown,4.5,1096,4-star hotel,4.2,4.6,3.3,67%,24%,5%,1%,3%
*048,Hampton Inn Chicago Downtown West Loop,4.5,1053,2-star hotel,3.8,3.5,4.1,69%,24%,4%,1%,2%
*049,ACME Hotel Company,4.5,1051,3-star hotel,3.7,5%,4.5,69%,24%,4%,1%,2%
*050,Fairfield Inn & Suites by Marriott Chicago Downtown/River North,4.5,970,3-star hotel,3.8,4.6,4.6,63%,28%,6%,1%,2%
*051,"The Gwen, a Luxury Collection Hotel, Michigan Avenue Chicago",4.5,861,4-star hotel,4.3,5%,4.2,75%,17%,4%,2%,2%
*052,The Leavitt Street Inn & Tavern,4.8,103,x,x,x,x,92%,5%,1%,0%,2%
*053,"The Rose Hotel Chicago O¡¯Hare, Tapestry Collection by Hilton",4.5,765,3-star hotel,3.8,4.4,4.4,75%,15%,4%,3%,3%
*054,The Robey,4.5,757,4-star hotel,3.8,5%,3.5,73%,20%,3%,1%,3%
*055,Talbott Hotel - Chicago Gold Coast,4.5,736,4-star hotel,3.4,5%,4,71%,19%,5%,2%,3%
*056,Nobu Hotel Chicago,4.6,203,x,4.3,5%,4.5,82%,8%,5%,1%,4%
*057,Sophy Hyde Park,4.5,490,4-star hotel,4.2,4.4,4.2,72%,20%,3%,2%,3%
*058,Residence Inn by Marriott Chicago Wilmette/Skokie,4.5,483,3-star hotel,3.8,4.5,4.6,68%,22%,6%,1%,3%
*059,Hyatt House Chicago/Evanston,4.5,485,3-star hotel,3.6,4.4,4.3,68%,23%,5%,2%,2%
*060,Hyatt Regency Chicago,4.4,8873,4-star hotel,2.9,4.2,4.1,61%,28%,7%,2%,2%
*061,Hyatt Regency O'Hare Chicago,4.4,5864,4-star hotel,3.5,3.9,4.3,62%,28%,7%,1%,2%
*062,Hyatt Regency McCormick Place,4.4,5542,4-star hotel,3.5,3.8,4.4,61%,28%,6%,2%,3%
*063,Swissotel Chicago,4.4,4594,4-star hotel,4.1,3.8,3.8,63%,25%,6%,2%,4%
*064,"InterContinental Chicago Magnificent Mile, an IHG Hotel",4.4,3956,4-star hotel,3.3,5%,4,62%,27%,7%,2%,2%
*065,The Drake,4.4,3859,4-star hotel,2.5,4.4,3.8,65%,22%,7%,3%,3%
*066,Embassy Suites by Hilton Chicago Downtown Magnificent Mile,4.4,2846,3-star hotel,3.2,4.4,4,60%,28%,7%,2%,3%
*067,theWit Chicago - a DoubleTree by Hilton Hotel,4.4,2654,4-star hotel,4,4.8,4,63%,25%,7%,2%,3%
*068,"Hotel Chicago Downtown, Autograph Collection",4.4,2269,4-star hotel,3.9,5%,4.3,62%,29%,7%,1%,1%
*069,"Radisson Blu Aqua Hotel, Chicago",4.4,2252,4-star hotel,3.1,4.4,3.2,66%,21%,7%,2%,4%
*070,Fairmont Chicago - Millennium Park,4.4,2233,4-star hotel,3.5,4.2,4.1,61%,28%,7%,2%,2%
*071,The Westin Chicago River North,4.4,1749,4-star hotel,4.2,4.4,5%,59%,30%,7%,3%,1%
*072,Hotel Lincoln,4.4,1663,4-star hotel,3,5%,4.4,65%,23%,7%,2%,3%
*073,Hilton Garden Inn Chicago OHare Airport,4.4,1471,3-star hotel,4.6,3.6,4.3,61%,27%,7%,2%,3%
*074,Courtyard by Marriott Chicago Downtown/Magnificent Mile,4.4,1444,3-star hotel,3.5,4.4,3.1,59%,31%,6%,2%,2%
*075,Hampton Inn Chicago-O'Hare International Airport,4.4,1424,3-star hotel,4.1,4.2,4.8,59%,28%,9%,2%,2%
*076,Chicago Marriott Suites O'Hare,4.4,1347,4-star hotel,4,3.5,3.5,65%,26%,5%,1%,3%
*077,Kinzie Hotel,4.4,1328,4-star hotel,3.8,4.6,4.4,63%,26%,6%,2%,3%
*078,Wicker Park Inn,4.6,142,2-star hotel,4.6,4.4,4,81%,12%,4%,3%,0%
*079,Hampton Inn & Suites Chicago-North Shore/Skokie,4.4,1285,3-star hotel,4.2,5%,4.2,62%,29%,6%,1%,2%
*080,SpringHill Suites by Marriott Chicago Downtown/River North,4.4,1237,3-star hotel,3.5,5%,2.9,61%,28%,6%,2%,3%
*081,Hyatt Centric The Loop Chicago,4.4,1192,4-star hotel,3.6,4.3,3.3,58%,31%,6%,2%,3%
*082,Hyatt Place Chicago/River North,4.4,1152,3-star hotel,3.7,4.6,4.1,59%,30%,7%,2%,2%
*083,Cambria Hotel Chicago Loop - Theatre District,4.4,1151,3-star hotel,3.6,4.8,3.6,65%,25%,5%,2%,3%
*084,Hyatt Place Chicago/Midway Airport,4.4,1031,3-star hotel,3.2,4.5,4.1,64%,23%,7%,2%,4%
*085,Hampton Inn Majestic Chicago Theatre District,4.4,921,3-star hotel,4.3,4.6,5%,62%,29%,6%,2%,1%
*086,Hampton Inn Chicago North-Loyola Station,4.4,844,3-star hotel,4,4.1,3.7,67%,21%,6%,2%,4%
*087,Hyatt Place Chicago / Wicker Park,4.6,130,3-star hotel,4.2,4.4,4.4,77%,16%,3%,1%,3%
*088,DoubleTree by Hilton Chicago Midway Airport,4.4,659,3-star hotel,4.5,5,4.8,61%,29%,6%,1%,3%
*089,Hyatt Place Chicago-South/University Medical Center,4.4,653,3-star hotel,3.2,4,4,62%,26%,6%,2%,4%
*090,Ambiance,4.4,584,2-star hotel,x,x,x,75%,14%,4%,1%,6%
*091,SpringHill Suites by Marriott Chicago Chinatown,4.6,118,2-star hotel,4.8,4.2,5%,79%,15%,2%,2%,2%
*092,"Sable at Navy Pier Chicago, Curio Collection by Hilton",4.4,494,x,4.2,4.2,4,69%,17%,6%,4%,4%
*093,Residence Inn by Marriott Chicago Midway Airport,4.4,456,3-star hotel,3.5,4.5,4.4,66%,21%,7%,3%,3%
*094,"The Hoxton, Chicago",4.4,417,4-star hotel,3.2,4.6,2.5,70%,18%,5%,2%,5%
*095,Quadrangle Club,4.5,160,3-star hotel,x,x,x,64%,29%,6%,0%,1%
*096,Hyatt House Chicago / West Loop-Fulton Market,4.4,340,3-star hotel,4.1,4,3.7,72%,14%,4%,3%,7%
*097,Palmer House a Hilton Hotel,4.3,9722,4-star hotel,2.5,4.4,3.3,59%,26%,9%,3%,3%
*098,Hilton Chicago,4.3,7306,4-star hotel,3.4,4.4,4.4,60%,27%,8%,2%,3%
*099,Sheraton Grand Chicago,4.3,5064,4-star hotel,3.2,4.4,3.8,56%,29%,9%,3%,3%
*100,The Westin O'Hare,4.3,2758,4-star hotel,4.3,4.2,2.8,59%,29%,7%,2%,3%
*101,Chicago Marriott Downtown Magnificent Mile,4.3,2747,4-star hotel,3.5,4.6,4,59%,28%,7%,3%,3%
*102,Royal Sonesta Chicago Downtown,4.3,2702,4-star hotel,3.7,4.2,3.5,58%,27%,8%,3%,4%
*103,Embassy Suites by Hilton Chicago Downtown,4.3,2697,3-star hotel,2.6,4.5,3.7,56%,28%,8%,3%,5%
*104,"Holiday Inn Chicago-Mart Plaza River North, an IHG Hotel",4.3,2653,3-star hotel,4,4.3,4,55%,33%,8%,2%,2%
*105,The Allegro Royal Sonesta Hotel Chicago Loop,4.3,2364,4-star hotel,2.8,5%,3.2,58%,29%,7%,3%,3%
*106,DoubleTree by Hilton Hotel Chicago O'Hare Airport - Rosemont,4.3,2227,4-star hotel,3.5,4,3.8,58%,30%,7%,2%,3%
*107,The Westin Michigan Avenue Chicago,4.3,1934,4-star hotel,3.5,4.1,3.8,58%,30%,7%,2%,3%
*108,Hyatt Place Chicago/O'Hare Airport,4.3,1826,3-star hotel,3.8,3.8,4.1,58%,27%,8%,2%,5%
*109,La Quinta Inn & Suites by Wyndham Chicago Downtown,4.3,1800,3-star hotel,3.3,4.2,2.6,55%,31%,7%,3%,4%
*110,Hilton Chicago/Magnificent Mile Suites,4.3,1750,4-star hotel,3.6,3.8,2.8,60%,27%,7%,2%,4%
*111,Sheraton Suites Chicago O'Hare,4.3,1602,4-star hotel,3.3,4.1,4.2,57%,28%,8%,3%,4%
*112,SpringHill Suites by Marriott Chicago O'Hare,4.2,1584,3-star hotel,3.5,3.8,4.2,53%,32%,9%,3%,3%
*113,Hyatt Place Chicago/Downtown-The Loop,4.3,1571,3-star hotel,3.2,4.3,3.5,62%,25%,6%,2%,5%
*114,Courtyard by Marriott Chicago Downtown/River North,4.3,1489,3-star hotel,2.8,4.2,3.2,53%,31%,11%,2%,3%
*115,Ambassador Chicago,4.3,1358,4-star hotel,3.4,5%,4.6,58%,26%,10%,3%,3%
*116,AC Hotel Chicago Downtown,4.3,1340,3-star hotel,3.5,4.8,3.5,58%,27%,9%,2%,4%
*117,Homewood Suites by Hilton Chicago-Downtown,4.3,1250,3-star hotel,3.3,4.6,2.7,57%,27%,10%,2%,4%
*118,Hampton Inn Chicago Downtown/N Loop/Michigan Ave,4.3,1179,3-star hotel,3,4.4,3.9,57%,27%,10%,2%,4%
*119,Eurostars Magnificent Mile,4.3,1158,4-star hotel,x,x,x,64%,22%,5%,3%,6%
*120,Hilton Garden Inn Chicago Downtown Riverwalk,4.3,1120,3-star hotel,3.5,4.6,3.7,54%,33%,8%,2%,3%
*121,Fairfield Inn & Suites by Marriott Chicago Downtown/Magnificent Mile,4.3,1081,3-star hotel,3,4.5,4.4,53%,33%,9%,3%,2%
*122,BEST WESTERN PLUS Hawthorne Terrace,4.3,1002,3-star hotel,4,4.6,4.3,61%,25%,7%,3%,4%
*123,Hampton Inn Chicago-Midway Airport,4.3,991,3-star hotel,3.8,3.9,4,57%,28%,7%,3%,5%
*124,Sonesta ES Suites Chicago Downtown,4.3,846,3-star hotel,3.2,4.4,3.6,59%,27%,8%,2%,4%
*125,Residence Inn by Marriott Chicago O'Hare,4.3,745,3-star hotel,3.3,3.8,4.3,55%,29%,10%,2%,4%
*126,"Holiday Inn Express & Suites Chicago North Shore - Niles, an IHG Hotel",4.3,743,2-star hotel,3.2,5%,3.8,66%,20%,6%,2%,6%
*127,"Margarita European Inn, Ascend Hotel Collection",4.4,198,2-star hotel,4.2,3.8,4.6,61%,28%,6%,2%,3%
*128,Wrigley Hostel - Chicago,4.3,632,3-star hotel,3.2,5%,4.2,63%,22%,6%,3%,6%
*129,The Carleton of Oak Park Hotel,4.3,625,3-star hotel,3.8,4.8,4.2,56%,29%,8%,4%,3%
*130,The Willows Hotel,4.3,580,3-star hotel,3,4.4,4,61%,25%,9%,3%,2%
*131,Pendry Chicago,4.7,61,4-star hotel,x,x,x,82%,11%,3%,3%,1%
*132,Urban Holiday Lofts Chicago Hostel,4.3,442,3-star hotel,x,x,x,58%,28%,8%,3%,3%
*133,Hampton Inn Chicago McCormick Place,4.3,437,3-star hotel,3.6,3.2,3.8,61%,24%,7%,3%,5%
*134,Harvey House Inn,4.6,74,4-star hotel,4.4,4.8,5%,88%,4%,2%,0%,6%
*135,Hampton Inn & Suites Bridgeview Chicago,4.3,320,2-star hotel,3.5,4.5,4.2,66%,18%,6%,4%,6%
*136,Graduate Evanston,4.3,298,4-star hotel,3.5,4.2,4.2,59%,25%,11%,2%,3%
*137,Wicker Park Fitness,4.4,137,x,x,x,x,76%,13%,1%,0%,10%
*138,Old Chicago Inn featuring Room 13,4.4,124,2-star hotel,2.9,4.8,5,72%,15%,3%,6%,4%
*139,W Chicago - Lakeshore,4.2,2985,4-star hotel,3,3.8,3.8,58%,26%,9%,3%,4%
*140,The Godfrey Hotel Chicago,4.2,2573,4-star hotel,3.5,4.2,3,59%,24%,8%,3%,6%
*141,Embassy Suites by Hilton Chicago O'Hare Rosemont,4.2,2352,3-star hotel,3.3,3.8,2.8,53%,29%,10%,4%,4%
*142,Hilton Rosemont/Chicago O'Hare,4.2,1983,4-star hotel,2.9,3.7,4.6,53%,30%,9%,3%,5%
*143,Renaissance Chicago O'Hare Suites Hotel,4.2,1910,4-star hotel,3.5,3.8,3.8,56%,28%,9%,3%,4%
*144,DoubleTree by Hilton Hotel Chicago - Alsip,4.2,1914,4-star hotel,3.5,4.6,3.8,54%,28%,10%,3%,5%
*145,Marriott Chicago O¡¯Hare,4.2,1853,3-star hotel,x,x,x,53%,31%,10%,2%,4%
*146,Freehand Chicago,4.2,1794,3-star hotel,2.5,5%,3.7,56%,26%,7%,4%,7%
*147,Hampton Inn & Suites Chicago-Downtown,4.2,1562,3-star hotel,3.9,4.4,4.1,54%,31%,9%,2%,4%
*148,The Gateway Inn of Oak Lawn,4.3,214,1-star hotel,3.2,4.8,5%,63%,23%,7%,1%,6%
*149,Hotel Audrey,4.2,1388,4-star hotel,3.7,4.5,4.3,56%,27%,8%,3%,6%
*150,Hotel Versey Days Inn by Wyndham Chicago,4.2,1385,3-star hotel,2.7,4.5,3.8,53%,28%,11%,3%,5%
*151,Sonesta Chicago O'Hare Airport,4.2,1271,3-star hotel,3.8,4.4,4.1,54%,31%,9%,2%,4%
*152,The River Hotel,4.2,1102,3-star hotel,3.2,4.5,3,53%,30%,10%,4%,3%
*153,Hyatt Rosemont,4.2,1037,3-star hotel,2.9,3.8,3.7,53%,33%,8%,3%,3%
*154,Chicago Marriott Midway,4.2,997,3-star hotel,3.2,3.8,3.2,54%,30%,8%,3%,5%
*155,The Ivy Hotel,4.2,882,4-star hotel,3.3,4,2.7,64%,17%,6%,4%,9%
*156,Ohio House Motel,4.2,826,2-star hotel,3.8,5%,4.6,51%,30%,12%,3%,4%
*157,"Holiday Inn Chicago North-Evanston, an IHG Hotel",4.2,807,3-star hotel,3.3,3.9,3.8,51%,31%,10%,3%,5%
*158,Hilton Garden Inn Chicago/Midway Airport,4.2,805,3-star hotel,3.2,4.3,3.8,53%,29%,11%,2%,5%
*159,Aloft Chicago Mag Mile,4.2,760,3-star hotel,2.9,4.4,3.8,58%,23%,8%,4%,7%
*160,Carlton Inn Midway,4.2,757,2-star hotel,2.7,3.7,4.4,55%,24%,12%,4%,5%
*161,Majestic Hotel,4.2,752,3-star hotel,2.9,4.6,4.5,56%,28%,10%,3%,3%
*162,Chicago Marriott at Medical District/UIC,4.2,660,3-star hotel,4.2,3.9,4.1,51%,32%,10%,4%,3%
*163,Jaslin Hotel,4.2,658,3-star hotel,3.7,3.8,4.2,48%,34%,14%,2%,2%
*164,Hilton Garden Inn Chicago North Shore/Evanston,4.2,628,3-star hotel,3.3,4,3,54%,31%,7%,3%,5%
*165,Hilton Garden Inn Chicago McCormick Place,4.2,619,3-star hotel,3.8,3.2,3.2,61%,22%,6%,4%,7%
*166,Homewood Suites by Hilton Chicago Downtown South Loop,4.2,575,3-star hotel,3.7,4.3,2.7,60%,21%,8%,3%,8%
*167,Hotel Julian,4.2,536,4-star hotel,3.7,4.1,2.5,61%,20%,7%,2%,10%
*168,"Holiday Inn Express & Suites Chicago-Midway Airport, an IHG Hotel",4.2,532,3-star hotel,3.7,4.3,4.3,56%,27%,10%,3%,4%
*169,The Buckingham Hotel,4.3,164,3-star hotel,4,4.2,2.8,62%,23%,8%,1%,6%
*170,Home2 Suites by Hilton Chicago River North,4.2,498,3-star hotel,3.8,4.2,4.2,60%,21%,8%,4%,7%
*171,Regal Inn O'Hare Airport Franklin Park,4.2,483,2-star hotel,3.2,4.5,4.5,53%,27%,12%,4%,4%
*172,The Hotel at Midtown,4.3,154,4-star hotel,5%,5,3.9,64%,21%,6%,5%,4%
*173,Happy Homes,4.4,26,x,4.2,4.8,4.8,100%,0%,0%,0%,0%
*174,Hilton Garden Inn Chicago Central Loop,4.4,78,3-star hotel,x,x,x,68%,19%,7%,3%,3%
*175,Home2 Suites by Hilton Chicago McCormick Place,4.2,201,3-star hotel,3.6,3.9,4,63%,18%,10%,0%,9%
*176,Trump International Hotel & Tower? Chicago,4.1,2628,5-star hotel,4.1,4.8,4.2,66%,13%,5%,2%,14%
*177,Hilton Chicago/Oak Lawn,4.1,2118,4-star hotel,2.9,4.3,3.3,52%,28%,10%,4%,6%
*178,Chicago Getaway Hostel,4.1,1830,1-star hotel,2.6,4.6,4.4,53%,28%,10%,3%,6%
*179,DoubleTree by Hilton Hotel Chicago - North Shore Conference Center,4.1,1816,3-star hotel,1.9,4.2,3.8,48%,30%,11%,5%,6%
*180,Aloft Chicago O'Hare,4.1,1776,3-star hotel,3,4.4,4.1,49%,30%,13%,3%,5%
*181,Hampton Inn Chicago Downtown/Magnificent Mile,4.1,1412,2-star hotel,3.2,4.3,2.7,50%,30%,11%,4%,5%
*182,Hilton Garden Inn Chicago Downtown/Magnificent Mile,4.1,1269,3-star hotel,3,4.4,2.5,49%,32%,10%,4%,5%
*183,Central Loop Hotel,4.1,1231,3-star hotel,2.8,4.6,4.4,47%,33%,14%,4%,2%
*184,Hilton Orrington/Evanston,4.1,1066,4-star hotel,2,4.2,3.6,48%,30%,13%,3%,6%
*185,"Club Quarters Hotel, Chicago, Wacker at Michigan",4.1,926,3-star hotel,2.8,5%,5%,45%,35%,12%,4%,4%
*186,Courtyard by Marriott Chicago Midway Airport,4.1,889,3-star hotel,2.5,3.9,3.8,50%,29%,12%,4%,5%
*187,Courtyard by Marriott Chicago O'Hare,4.1,819,3-star hotel,3.5,4.1,4.1,45%,35%,14%,2%,4%
*188,Sonesta Simply Suites Chicago O'Hare,4.1,767,2-star hotel,4,4.6,4.1,51%,27%,13%,3%,6%
*189,The Villa Toscana Guest House,4.5,48,2-star hotel,x,x,x,74%,16%,4%,4%,2%
*190,City Suites Hotel,4.1,664,3-star hotel,3.3,4.6,3.8,51%,32%,10%,3%,4%
*191,Homewood Suites by Hilton Chicago Downtown/Magnificent Mile,4.1,631,3-star hotel,3.3,4.6,3.5,52%,29%,9%,4%,6%
*192,"Holiday Inn Express & Suites Chicago O'Hare Airport, an IHG Hotel",4.2,151,2-star hotel,4,3.7,4.2,65%,19%,3%,3%,10%
*193,Hilton Garden Inn Chicago Downtown South Loop,4.1,499,3-star hotel,3.8,4.1,1.9,58%,22%,8%,4%,8%
*194,Cicero Hotel,4.2,140,x,4.1,4.3,1.9,62%,19%,7%,2%,10%
*195,Best Western Plus Hyde Park Chicago Hotel,4.2,133,2-star hotel,x,x,x,62%,19%,10%,3%,6%
*196,Wyndham Garden Elk Grove Village/O'Hare,4.1,397,3-star hotel,3.8,3.2,3.9,53%,25%,9%,5%,8%
*197,The Waldorf Astoria Spa,4.5,30,x,x,x,x,88%,6%,0%,0%,6%
*198,The Wheeler Mansion,4.2,101,4-star hotel,3.5,5%,x,63%,20%,5%,3%,9%
*199,Hyatt House Chicago - Medical / University District,4.6,31,3-star hotel,4.2,2.5,x,79%,12%,3%,0%,6%
*200,The Flats at Loyola Station,4.6,30,2-star hotel,x,x,x,84%,10%,0%,0%,6%
*201,The Greenleaf House,4.6,30,x,3.5,4.4,3.1,75%,16%,6%,0%,3%
*202,"Crowne Plaza Chicago Ohare Hotel & Conf Ctr, an IHG Hotel",4,3152,4-star hotel,3,3.6,3.8,46%,32%,11%,3%,8%
*203,DoubleTree by Hilton Hotel Chicago - Magnificent Mile,4,2852,3-star hotel,3.5,4.5,4.2,45%,33%,12%,4%,6%
*204,Chicago South Loop Hotel,4,1982,3-star hotel,2.8,4.4,3.4,46%,30%,14%,5%,5%
*205,Best Western River North Hotel,4,1963,3-star hotel,2.5,4.4,2.2,47%,31%,12%,4%,6%
*206,Comfort Suites Chicago O'Hare Airport,4,1607,3-star hotel,3.5,3.7,5%,48%,29%,13%,4%,6%
*207,The Whitehall Hotel,4,1587,4-star hotel,2.5,5%,2.2,45%,31%,13%,5%,6%
*208,"Holiday Inn Chicago-Elk Grove, an IHG Hotel",4,1179,3-star hotel,3.2,3.7,4,45%,33%,13%,4%,5%
*209,Hotel Chicago West Loop,4,1099,3-star hotel,2.5,4,4,46%,30%,13%,5%,6%
*210,"Club Quarters Hotel, Chicago, Central Loop",4,1062,3-star hotel,2.8,5%,5%,41%,35%,16%,4%,4%
*211,Wyndham Chicago O'Hare,4,1026,3-star hotel,3.6,4.4,2.7,50%,26%,12%,5%,7%
*212,FOUND Hotel Chicago,4,552,3-star hotel,2.7,4.6,3.6,56%,20%,6%,5%,13%
*213,Claridge House,4,501,4-star hotel,2.8,4.5,4.1,55%,21%,10%,5%,9%
*214,Fairfield Inn & Suites by Marriott Chicago Midway Airport,4,454,2-star hotel,2.8,4.2,4,49%,29%,10%,5%,7%
*215,Magnolia Studios,4.6,25,2-star hotel,5%,5,4,80%,8%,8%,4%,0%
*216,Lake & Wells Apartments,4.2,52,x,x,x,x,66%,17%,3%,3%,11%
*217,21c Museum Hotel Chicago,4,165,4-star hotel,3.5,4.6,3.4,66%,10%,4%,7%,13%
*218,Four Points by Sheraton Chicago O'Hare Airport,3.9,2224,3-star hotel,2.2,3.7,3.2,40%,31%,16%,6%,7%
*219,Millennium Knickerbocker Hotel Chicago,3.9,2048,4-star hotel,2.5,4.2,2,47%,26%,12%,5%,10%
*220,"Holiday Inn Chicago O'Hare Area, an IHG Hotel",3.9,1948,3-star hotel,2.6,4,2.8,43%,29%,15%,6%,7%
*221,Comfort Inn Convention Center-Chicago O'Hare Airport,3.9,1137,3-star hotel,3,4.1,3.6,40%,33%,15%,5%,7%
*222,Super 8 by Wyndham Chicago O'Hare Airport,3.9,966,2-star hotel,3.3,4,3,43%,28%,16%,5%,8%
*223,South Shore Inn,4.4,21,x,x,x,x,68%,9%,23%,0%,0%
*224,Hilton Chicago O'Hare Airport,3.8,4356,4-star hotel,2.8,4.3,2.7,41%,28%,15%,7%,9%
*225,Warwick Allerton - Chicago,3.8,2842,4-star hotel,2.5,4.6,2.5,40%,30%,14%,7%,9%
*226,BEST WESTERN Grant Park Hotel,3.8,2265,2-star hotel,2.5,4.2,2.1,38%,33%,15%,6%,8%
*227,"Holiday Inn & Suites Chicago North Shore (Skokie), an IHG Hotel",3.8,1934,3-star hotel,2.5,4.3,1.8,42%,27%,15%,6%,10%
*228,Hotel Felix,3.8,1524,4-star hotel,2.5,5%,4,38%,33%,16%,6%,7%
*229,Chicago Lake Shore Hotel,3.8,1406,3-star hotel,1.8,5%,3.5,39%,29%,16%,6%,10%
*230,"Holiday Inn & Suites Chicago-Downtown, an IHG Hotel",3.8,1280,3-star hotel,2.8,3.9,3.8,40%,30%,16%,6%,8%
*231,Sleep Inn Midway Airport,3.8,930,2-star hotel,2.5,3.8,3.8,40%,29%,16%,5%,10%
*232,The St. Clair Hotel - Magnificent Mile,3.8,665,2-star hotel,2.5,4.5,3.7,42%,26%,13%,7%,12%
*233,Hilton Grand Vacations Club Chicago Magnificent Mile,3.9,87,3-star hotel,x,x,x,50%,22%,14%,5%,9%
*234,Chicago Parthenon Hostel,3.8,479,2-star hotel,3,4.8,4.6,42%,28%,16%,5%,9%
*235,Super 8 by Wyndham Chicago IL,3.8,333,2-star hotel,3.5,4.2,4.6,42%,26%,18%,6%,8%
*236,The Congress Plaza Hotel & Convention Center,3.7,5517,3-star hotel,2.5,4.4,3.2,37%,29%,18%,8%,8%
*237,"Motel 6 Elk Grove Village, IL - O'Hare",3.7,1922,2-star hotel,3.2,4,4.4,38%,26%,16%,8%,12%
*238,Best Western At O'Hare,3.7,1394,3-star hotel,2,4.2,2.8,36%,31%,17%,7%,9%
*239,Extended Stay America - Chicago - O'Hare - South,3.7,763,2-star hotel,3,4.2,3.7,40%,27%,16%,6%,11%
*240,Extended Stay America - Chicago - Midway,3.7,676,2-star hotel,2.9,4.4,3.5,44%,18%,14%,9%,15%
*241,Heart O' Chicago,3.7,450,2-star hotel,3.2,4.8,3.7,36%,28%,17%,10%,9%
*242,"Motel 6 Schiller Park, IL - Chicago O'Hare",3.6,2454,2-star hotel,2.8,4.6,4.2,47%,15%,14%,8%,16%
*243,Le Meridien Essex Chicago,3.6,1888,4-star hotel,3.7,4.2,4.2,34%,28%,20%,8%,10%
*244,Best Western Plus O'Hare International South Hotel,3.6,643,2-star hotel,2.8,2.7,3.2,41%,23%,15%,7%,14%
*245,Super 8 by Wyndham Chicago/Rosemont/O'Hare/SE,3.6,562,2-star hotel,2.5,2.8,3.3,37%,24%,19%,7%,13%
*246,Ramada by Wyndham Hammond Hotel & Conference Center,3.6,518,2-star hotel,2.3,3.5,3.9,37%,24%,17%,9%,13%
*247,Rodeway Inn Chicago-Evanston,3.6,245,2-star hotel,2.8,4.1,1.6,42%,22%,14%,7%,15%
*248,New Relax Inn,3.6,154,2-star hotel,3.3,2.7,4.4,42%,20%,15%,7%,16%
*249,McCormick Place Guest House,3.6,108,x,2.7,4.2,2.7,59%,7%,3%,6%,25%
*250,Prestige Inn and suites,3.6,92,x,x,x,x,46%,16%,13%,4%,21%
*251,Selina Chicago,3.5,41,4-star hotel,x,x,x,44%,14%,17%,4%,21%
*252,Plank Road Inn,3.5,141,2-star hotel,3.8,2,x,38%,23%,14%,6%,19%
*253,Rodeway Inn,3.5,461,2-star hotel,1.9,3.8,2.5,37%,21%,17%,8%,17%
*254,Extended Stay America - Chicago - O'Hare,3.5,567,2-star hotel,2.5,4.4,4.2,37%,21%,14%,9%,19%
*255,Quality Inn O'Hare Airport,3.5,1171,2-star hotel,3,4.1,3.5,31%,27%,21%,9%,12%
*256,Edgebrook Hotel,3.4,151,x,1.4,5,1.4,43%,13%,17%,5%,22%
*257,"Days Inn and Suites by Wyndham Hammond, IN",3.4,270,2-star hotel,2,3.3,3.2,36%,21%,14%,8%,21%
*258,Extended Stay America - Chicago - Skokie,3.4,433,2-star hotel,2.5,4.6,3.5,36%,22%,17%,7%,18%
*259,Villa Dubois Guest House,3.3,37,x,3.7,4.1,4.6,53%,5%,2%,5%,35%
*260,Travelodge by Wyndham Downtown Chicago,3.4,"1,859",2-star hotel,1.7,4.2,2.8,24%,32%,21%,10%,13%
*261,WoodSpring Suites Chicago Midway,3.3,119,x,3,4.2,2.7,45%,9%,9%,6%,31%
*262,The Chicago Hotel Collection River North,3.2,75,x,2.8,4.1,3,46%,10%,2%,4%,38%
*263,Red Roof Inn Morton Grove,3.2,185,2-star hotel,x,x,x,40%,13%,10%,9%,28%
*264,Days Inn by Wyndham Calumet Park,3.2,556,2-star hotel,1.8,3.4,2.9,32%,18%,21%,8%,21%
*265,Red Roof Inn Chicago - Alsip,3.1,309,2-star hotel,x,x,x,34%,15%,11%,11%,29%
*266,Super 8 by Wyndham Hammond/North,3.1,326,2-star hotel,1.9,4.2,2.7,25%,19%,20%,15%,21%
*267,Super 8 by Wyndham Morton Grove/Chicago,3.1,414,2-star hotel,2.8,4,1.5,26%,19%,17%,7%,31%
*268,Chinatown Hotel,3.1,560,1-star hotel,2.1,4.4,3.7,24%,20%,22%,7%,27%
*269,M Star Calumet Park,3,119,1-star hotel,x,x,x,23%,16%,23%,12%,26%
*270,O'Hare Inn and Suites,3,704,2-star hotel,1.9,3.8,2.7,19%,20%,21%,15%,25%
*271,Best Western Inn & Suites - Midway Airport,3,733,2-star hotel,1,3.5,3.2,25%,17%,18%,11%,29%
*272,Kings Inn,2.5,64,x,x,x,x,20%,12%,10%,9%,49%
*273,Motel 6,2.7,695,2-star hotel,1,4,3,19%,14%,16%,13%,38%